{"BTC-USD": 93794.79, "ETH-USD": 1760.4624, "USDT-USD": 1.0002449, "XRP-USD": 2.1579401, "BNB-USD": 594.9939, "USDC-USD": 0.9999676, "SOL-USD": 142.01794, "ADA-USD": 0.6755412, "DOGE-USD": 0.16942124, "TRX-USD": 0.24501282}
